IS_number,title,category,scope_description,latest_version,amendment,normative_refs,certification_required
IS 269:2015,Ordinary Portland Cement - Specification,Cement & Concrete,"Covers the manufacture and chemical and physical requirements of ordinary Portland cement, applicable to grades 33, 43 and 53 including sleeper grades 43S and 53S used in general construction",2015 (Sixth Revision),Amendment 1 (2023),IS 3535; IS 4031,Yes - ISI Mark (mandatory under Cement Quality Control Order 2023)
IS 456:2000,Plain and Reinforced Concrete - Code of Practice,Cement & Concrete,"Provides comprehensive guidelines on material specifications, design methodologies (working stress and limit state), detailing, construction practices and quality control for structural use of plain and reinforced concrete",2000 (Fourth Revision),Reaffirmed 2021,IS 269; IS 383; IS 9103; IS 1489,Not applicable - Code of Practice (not a certifiable product standard)
IS 1489 (Part 1):2015,Portland Pozzolana Cement (Fly Ash Based) - Specification,Cement & Concrete,Specifies requirements for fly-ash based Portland Pozzolana Cement used as an alternative binding material to Ordinary Portland Cement in general construction work,2015,Reaffirmed 2020,IS 269; IS 3812; IS 4031,Yes - ISI Mark
IS 383:2016,Coarse and Fine Aggregates for Concrete - Specification,Cement & Concrete,Specifies requirements for grading and quality of natural and manufactured (crushed) coarse and fine aggregates used in the production of concrete,2016 (Third Revision),Amendment 1 (2018),IS 456; IS 2386,Yes - ISI Mark
IS 4031 (Part 1-13),Methods of Physical Tests for Hydraulic Cement,Cement & Concrete,"Specifies laboratory test methods for determining fineness, setting time, soundness, and compressive strength of hydraulic cement; referenced by cement product standards for quality verification",Multi-part standard,Various parts revised separately,IS 269; IS 1489,Not applicable - Test method standard
IS 1489 (Part 2):1991,Portland Pozzolana Cement (Calcined Clay Based) - Specification,Cement & Concrete,Specifies requirements for calcined clay based Portland Pozzolana Cement for use in general construction,1991,Reaffirmed 2010,IS 269; IS 1344,Yes - ISI Mark
IS 1239 (Part 1):2004,Steel Tubes - Specification (Mild Steel Tubes),Steel & Metal Products,"Covers requirements for welded and seamless plain end or screwed and socketed steel tubes intended for conveying water, non-hazardous gas, air and steam, applicable to sizes from 6 mm to 150 mm nominal bore",2004 (Sixth Revision),Amendment 4,IS 1387; IS 2062; IS 10748,Yes - ISI Mark
IS 1239 (Part 2):2011,Steel Pipe Fittings - Specification,Steel & Metal Products,"Covers requirements for mild steel socket, tubulars and other wrought steel pipe fittings used along with IS 1239 Part 1 steel tubes",2011 (Fourth Revision),Reaffirmed 2017,IS 1239 (Part 1); IS 1387,Yes - ISI Mark
IS 1161:2014,Steel Tubes for Structural Purposes - Specification,Steel & Metal Products,"Covers requirements for hot-finished welded and seamless, and cold-formed welded carbon steel tubes intended for structural purposes such as building frames and towers",2014 (Fifth Revision),Reaffirmed 2019,IS 228; IS 2062; IS 1608; IS 4711,Yes - ISI Mark
IS 2062:2011,Hot Rolled Medium and High Tensile Structural Steel - Specification,Steel & Metal Products,"Specifies requirements for hot rolled structural steel plates, sections and flats used in general engineering, structural, and welded construction applications",2011 (Seventh Revision),Amendment 2,IS 1852; IS 1608; IS 228,Yes - ISI Mark
IS 4923:2017,Hollow Steel Sections for Structural Use - Specification,Steel & Metal Products,"Covers requirements for cold-formed welded and seamless hollow steel sections (square, rectangular, circular) used for structural framing and general engineering purposes",2017 (Third Revision),Reaffirmed 2022,IS 1161; IS 2062; IS 10748,Yes - ISI Mark
IS 1387:1993,General Requirements for Supply of Metallurgical Materials,Steel & Metal Products,"Specifies general conditions applicable to the supply of steel and other metallurgical materials including testing, sampling, and marking requirements referenced by product-specific steel standards",1993 (Second Revision),Reaffirmed 2019,IS 228,Not applicable - General/allied requirements standard
IS 4985:2021,Unplasticized PVC Pipes for Potable Water Supply - Specification,Water Supply & Pipes,"Specifies requirements for unplasticized Polyvinyl Chloride (uPVC) pipes used for conveyance of potable water under pressure, covering dimensions, materials and test methods",2021 (Fourth Revision),Reaffirmed 2021,IS 12235; IS 4985; IS 2530,Yes - ISI Mark
IS 15778:2007,High Density Polyethylene (HDPE) Pipes for Water Supply - Specification,Water Supply & Pipes,"Specifies requirements for HDPE pipes intended for potable water supply and general water conveyance applications, including pressure ratings and dimensional tolerances",2007,Reaffirmed 2018,IS 4984; IS 14885,Yes - ISI Mark
IS 458:2003,Precast Concrete Pipes (With and Without Reinforcement) - Specification,Water Supply & Pipes,"Covers requirements for plain and reinforced precast concrete pipes used for drainage, sewerage, and water supply applications in various pressure classes",2003 (Fourth Revision),Amendment 3,IS 456; IS 783,Yes - ISI Mark
IS 1879:1987,Malleable Cast Iron Pipe Fittings - Specification,Water Supply & Pipes,Specifies requirements for malleable cast iron fittings used for jointing galvanized steel or wrought iron pipes in water supply and plumbing systems,1987 (Third Revision),Reaffirmed 2010,IS 1239; IS 554,Yes - ISI Mark
IS 2065:1983,Code of Practice for Water Supply in Buildings,Water Supply & Pipes,"Provides guidelines for the design, layout, and installation of water supply systems within residential, commercial and industrial buildings",1983 (Second Revision),Reaffirmed 2017,IS 1239; IS 4985; IS 2064,Not applicable - Code of Practice
IS 732:2019,Code of Practice for Electrical Wiring Installations,Electrical & Wiring,"Provides guidelines for design, selection of materials, and execution of electrical wiring installations in buildings for safety and reliable operation",2019 (Fourth Revision),Reaffirmed 2019,IS 694; IS 5216; IS 3043,Not applicable - Code of Practice
IS 694:2010,PVC Insulated Cables for Working Voltages up to 1100V - Specification,Electrical & Wiring,Specifies requirements for PVC insulated electric cables used for wiring installations with working voltages up to and including 1100 volts,2010 (Third Revision),Amendment 2,IS 8130; IS 5831,Yes - ISI Mark
IS 3043:2018,Code of Practice for Earthing,Electrical & Wiring,Provides guidelines for the design and installation of earthing systems for electrical installations to ensure safety against electric shock and equipment damage,2018 (Second Revision),Reaffirmed 2018,IS 732; IS 3070,Not applicable - Code of Practice
IS 8828:1996,Miniature Circuit Breakers (MCBs) for AC Circuits - Specification,Electrical & Wiring,Specifies requirements for miniature circuit breakers used for overload and short-circuit protection in household and similar electrical installations,1996,Reaffirmed 2013,IS 60898; IS 13947,Yes - ISI Mark / CRS (for electronic variants)
IS 5216 (Part 1):1982,Guide for Safety Procedures and Practices in Electrical Work,Electrical & Wiring,"Provides recommended safety practices and procedures for personnel engaged in electrical installation, maintenance, and repair work",1982,Reaffirmed 2016,IS 732; IS 3043,Not applicable - Guidance document
IS 2925:1984,Industrial Safety Helmets - Specification,Safety Equipment,"Specifies requirements for protective industrial safety helmets used to protect the wearer's head from impact, penetration, and electrical hazards in industrial and construction settings",1984,Reaffirmed 2015,IS 2925; IS 6913,Yes - ISI Mark
IS 15298 (Part 1):2015,Personal Protective Equipment - General Requirements,Safety Equipment,"Specifies general requirements for personal protective equipment (PPE) including ergonomics, innocuousness, and manufacturer information applicable across PPE categories",2015,Reaffirmed 2020,IS 15298 (Part 2); IS 15298 (Part 3),Yes - ISI Mark (mandatory under PPE QCO)
IS 2190:2010,"Code of Practice for Selection, Installation and Maintenance of Fire Extinguishers",Safety Equipment,"Provides guidelines for selecting appropriate fire extinguisher types, correct installation locations, and maintenance schedules for fire safety in buildings",2010 (Fourth Revision),Reaffirmed 2015,IS 2171; IS 940; IS 15683,Not applicable - Code of Practice
IS 15683:2018,Portable Fire Extinguishers - Specification,Safety Equipment,"Specifies requirements for the construction, performance, and testing of portable fire extinguishers of various types (water, foam, CO2, dry powder) used for fire suppression",2018,Reaffirmed 2018,IS 2190; IS 940,Yes - ISI Mark
IS 6519:1971,"Code of Practice for Selection, Care and Maintenance of Safety Footwear",Safety Equipment,"Provides guidelines on selecting and maintaining appropriate safety footwear for protection against workplace hazards including impact, compression and slip",1971,Reaffirmed 2009,IS 5852,Not applicable - Code of Practice
IS 1077:1992,Common Burnt Clay Building Bricks - Specification,Bricks & Clay Products,"Lays down requirements for classification, general quality, dimensions and physical requirements of common burnt clay building bricks used in general building construction, covering bricks with compressive strength up to 40 N/mm2",1992 (Fifth Revision),Amendment 1 (2008),IS 3495 (Parts 1-4); IS 2180,Yes - ISI Mark
IS 2180:1988,Heavy Duty Burnt Clay Building Bricks - Specification,Bricks & Clay Products,Covers requirements for high compressive strength burnt clay bricks intended for heavy-duty structural applications where strength exceeds that covered under IS 1077,1988 (Second Revision),Reaffirmed 2005,IS 1077; IS 3495,Yes - ISI Mark
IS 3495 (Parts 1-4):1992,Methods of Tests of Burnt Clay Building Bricks,Bricks & Clay Products,"Specifies laboratory test methods for determining compressive strength, water absorption, efflorescence, and warpage of burnt clay bricks, used for verifying conformity to product standards like IS 1077",1992,Reaffirmed 2016,IS 1077; IS 2180,Not applicable - Test method standard
IS 12894:2002,Fly Ash - Lime Bricks - Specification,Bricks & Clay Products,"Specifies requirements for bricks manufactured from a mixture of fly ash, lime, and sand/other materials, promoted as an eco-friendly alternative to burnt clay bricks in general construction",2002,Reaffirmed 2017,IS 3495; IS 12894,Yes - ISI Mark
IS 2185 (Part 1):2005,Concrete Masonry Units - Hollow and Solid Concrete Blocks - Specification,Bricks & Clay Products,Covers requirements for hollow and solid precast concrete blocks used as masonry units in load-bearing and non-load-bearing walls,2005 (Second Revision),Reaffirmed 2016,IS 456; IS 383,Yes - ISI Mark
IS 13757:1993,Burnt Clay Perforated Building Bricks - Specification,Bricks & Clay Products,Specifies requirements for perforated (hollow-core) burnt clay bricks used to reduce weight and improve thermal insulation in building walls,1993,Reaffirmed 2010,IS 1077; IS 3495,Yes - ISI Mark
IS 883:1994,Design of Structural Timber in Buildings - Code of Practice,Timber & Wood Products,"Covers general principles for the design of structural timber elements in buildings, including permissible stresses, grading, and design of beams, columns and joints",1994 (Fourth Revision),Reaffirmed 2021,IS 3629; IS 1708; IS 287; IS 4891,Not applicable - Code of Practice
IS 3629:1986,Structural Timber in Building - Specification,Timber & Wood Products,"Specifies requirements for structural timber used in buildings, including grouping of timber species, permissible defects, and moisture content requirements based on climatic zones",1986 (First Revision),Reaffirmed 2000,IS 883; IS 1708; IS 1331,Yes - ISI Mark
IS 1331:1975,Grading of Structural Timber - Specification,Timber & Wood Products,"Specifies methods for grading sawn structural timber, after seasoning, into Select, Grade I and Grade II categories based on permissible defects",1975,Reaffirmed 2005,IS 3629; IS 4891,Not applicable - Grading standard
IS 4891:1988,Cut Sizes of Timber - Specification,Timber & Wood Products,"Specifies preferred cut sizes for structural timber stock used in general building construction, intended to standardize dimensions across the industry",1988 (Second Revision),Reaffirmed 2010,IS 883; IS 3629,Not applicable - Dimensional standard
IS 401:1982,Code of Practice for Preservation of Timber,Timber & Wood Products,"Provides guidelines for preservation treatment of timber against fungal decay, insect and marine borer attack to extend service life in construction applications",1982 (Third Revision),Reaffirmed 2011,IS 883; IS 1707,Not applicable - Code of Practice
IS 710:1976,Specification for Plywood for Marine Applications,Timber & Wood Products,Specifies requirements for plywood intended for use in marine and other exterior applications requiring high moisture resistance and durability,1976 (Second Revision),Reaffirmed 2005,IS 303; IS 1734,Yes - ISI Mark
IS 2932 (Part 1):2013,Enamel Synthetic Exterior (Undercoating and Finishing) - Specification for Domestic and Decorative Applications,Paints & Coatings,"Prescribes requirements, sampling and test methods for synthetic exterior enamel used as undercoating and finishing paint for domestic and decorative applications, based on synthetic alkyd resins",2013 (Fourth Revision),Amendment 1 (2015),IS 2932 (Part 2); IS 101,Yes - ISI Mark
IS 2933:1975,Enamel Interior (Undercoating and Finishing) - Specification,Paints & Coatings,"Specifies requirements for interior grade synthetic enamel paint used as undercoating and finishing on interior surfaces, distinguished from exterior-grade IS 2932",1975,Reaffirmed 2003,IS 2932; IS 101,Yes - ISI Mark
IS 428:1969,Distemper Oil Bound Washable - Specification,Paints & Coatings,Specifies requirements for oil-bound washable distemper paint used for decorative and protective coating of interior wall and ceiling surfaces,1969 (Second Revision),Reaffirmed 2016,IS 101; IS 3536,Yes - ISI Mark
IS 101 (Various Parts),"Methods of Test for Paints, Varnishes and Related Products",Paints & Coatings,"Specifies standardized laboratory test methods for determining physical and chemical properties of paints including viscosity, drying time, gloss and durability, referenced across paint product standards",Multi-part standard,Various parts revised separately,IS 2932; IS 2933; IS 428,Not applicable - Test method standard
IS 2395 (Part 1):1994,Code of Practice for Painting Concrete Masonry and Plaster Surfaces,Paints & Coatings,"Provides guidelines for surface preparation and application procedures for painting concrete, masonry and plastered surfaces to achieve durable finishes",1994 (First Revision),Reaffirmed 2012,IS 2932; IS 2933,Not applicable - Code of Practice
IS 1477 (Part 1):1971,Code of Practice for Painting of Ferrous Metals - Pre-treatment,Paints & Coatings,"Provides guidelines for surface pre-treatment procedures (cleaning, priming) of ferrous metal surfaces prior to painting for corrosion protection",1971,Reaffirmed 2009,IS 1477 (Part 2); IS 2074,Not applicable - Code of Practice
IS 4984:2016,High Density Polyethylene (HDPE) Pipes for Potable Water Supply - Specification,Plastic Products,"Specifies manufacturing requirements, dimensions, and testing methods for HDPE pipes used in potable water supply systems, covering material grades PE 80 and PE 100 with pressure ratings aligned to Standard Dimension Ratios",2016 (Fourth Revision),Reaffirmed 2016,IS 4905; IS 12235; IS 2530,Yes - ISI Mark
IS 12235 (Various Parts),Methods of Test for uPVC Pipes and Fittings,Plastic Products,Specifies standardized test methods for determining physical and mechanical properties of unplasticized PVC pipes and fittings used in water supply and drainage applications,Multi-part standard,Various parts revised separately,IS 4985; IS 4984,Not applicable - Test method standard
IS 10146:1982,Polyethylene in Contact with Foodstuffs - Specification,Plastic Products,"Specifies requirements for polyethylene material intended for safe use in contact with foodstuffs, pharmaceuticals and drinking water, including permissible additive constituents",1982,Reaffirmed 2016,IS 10148; IS 9833,Yes - ISI Mark (mandatory for food-contact packaging)
IS 10151:1982,Polyvinyl Chloride (PVC) in Contact with Foodstuffs - Specification,Plastic Products,"Specifies requirements for PVC and its co-polymers for safe use in contact with foodstuffs, pharmaceuticals and drinking water, covering permitted composition and migration limits",1982,Reaffirmed 2016,IS 10148; IS 9833,Yes - ISI Mark (mandatory for food-contact packaging)
IS 10910:1984,Polypropylene in Contact with Foodstuffs - Specification,Plastic Products,"Specifies requirements for polypropylene and its co-polymers intended for safe use in contact with foodstuffs, pharmaceuticals and drinking water",1984,Reaffirmed 2016,IS 10148; IS 9833,Yes - ISI Mark (mandatory for food-contact packaging)
IS 12252:1988,Poly Alkylene Terephthalate (PET) Containers for Packaged Drinking Water - Specification,Plastic Products,"Specifies requirements for PET containers used for packaging bottled and mineral drinking water, ensuring safety and prevention of contamination",1988,Reaffirmed 2015,IS 10146; IS 14543,Yes - ISI Mark (mandatory for packaged water bottles)
IS 2386 (Part 1):1963,Methods of Test for Aggregates for Concrete - Particle Size and Shape,Aggregates & Sand,"Specifies sieve analysis procedures for determining particle size distribution and fineness modulus of coarse and fine aggregates used in concrete, forming the basis for grading zone classification under IS 383",1963,Reaffirmed 2016,IS 383; IS 460,Not applicable - Test method standard
IS 2386 (Part 3):1963,Methods of Test for Aggregates for Concrete - Specific Gravity Density Voids Absorption and Bulking,Aggregates & Sand,"Specifies test methods for determining specific gravity, bulk density, voids, absorption and bulking of aggregates, essential for concrete mix design calculations",1963,Reaffirmed 2016,IS 383; IS 456,Not applicable - Test method standard
IS 460 (Part 1):1985,Specification for Test Sieves - Wire Cloth Test Sieves,Aggregates & Sand,"Specifies dimensional and construction requirements for wire-cloth test sieves used in sieve analysis and grading tests of aggregates, sand and other granular construction materials",1985 (Third Revision),Reaffirmed 2010,IS 2386,Not applicable - Testing equipment standard
IS 2116:1980,Sand for Masonry Mortars - Specification,Aggregates & Sand,"Specifies requirements for sand used specifically in masonry mortar work, distinct from IS 383 which covers sand for concrete applications",1980 (First Revision),Reaffirmed 2009,IS 383; IS 2386,Yes - ISI Mark
IS 1542:1992,Sand for Plaster - Specification,Aggregates & Sand,"Specifies grading and quality requirements for sand used in plastering work on building surfaces, ensuring suitable workability and finish",1992 (Second Revision),Reaffirmed 2009,IS 383; IS 2386,Yes - ISI Mark
IS 848 (Part 1):2006,Synthetic Resin Adhesives for Plywood - Phenolic and Aminoplastic - Specification,Adhesives,"Specifies requirements for phenolic and aminoplastic (urea-formaldehyde) synthetic resin adhesives used in plywood manufacturing, classified by water and boil resistance grades (BWP, BWR, MR)",2006 (Third Revision),Reaffirmed 2016,IS 851; IS 4835,Yes - ISI Mark
IS 851:1978,Synthetic Resin Adhesives for Construction Work (Non-Structural) in Wood - Specification,Adhesives,Specifies requirements for synthetic resin adhesives used in non-structural wood construction applications such as joinery and general woodwork,1978,Amendment 2,IS 848; IS 4835,Yes - ISI Mark
IS 4835:1979,Specification for Polyvinyl Acetate Dispersion Based Adhesives for Wood,Adhesives,"Specifies requirements for PVAc (polyvinyl acetate) emulsion-based adhesives used for general wood bonding, including tests for solid content, viscosity, glue joint strength and early strength development",1979,Reaffirmed 2010,IS 848; IS 851,Yes - ISI Mark
IS 4835 (Part 2),Methods of Test for Wood Adhesives - Glue Joint Strength,Adhesives,"Specifies standardized test methods for determining glue joint strength, open time and bonding performance of wood adhesives, referenced across adhesive product standards",Multi-part standard,Various parts revised separately,IS 4835; IS 848; IS 851,Not applicable - Test method standard
IS 4837:1990,School Furniture Classroom Chairs and Tables - Recommendations,Furniture,"Provides anthropometric-based recommendations for dimensions of classroom chairs and tables suitable for students of various age groups in Indian schools, promoting ergonomic seating",1990,Reaffirmed 2010,IS 4415,Not applicable - Recommendatory guideline document
IS 1829 (Part 2):2017,Library Furniture and Fittings - Specification (Steel),Furniture,"Specifies requirements for steel library furniture including bookracks, reading tables and catalogue cabinets used in public and institutional libraries",2017 (Second Revision),Reaffirmed 2017,IS 1829 (Part 1); IS 2062,Yes - ISI Mark
IS 4415:1974,Glossary of Terms Relating to Wooden Furniture and Fixtures,Furniture,Provides standardized terminology and definitions used across wooden furniture manufacturing and specification documents to ensure consistent communication between manufacturers and buyers,1974,Reaffirmed 2005,IS 4837; IS 710,Not applicable - Terminology/glossary standard
IS 17631:2022,Work Chairs - Specification,Furniture,"Specifies ergonomic, dimensional, and performance requirements for office and work chairs, including adjustability, stability and load-bearing safety criteria",2022,Reaffirmed 2022,IS 17637; IS 17632,Yes - ISI Mark (mandatory certification effective February 2026)
IS 17637:2021,Performance Requirements of Surface Finishes for Furniture Applications,Furniture,"Specifies performance requirements for surface finishes (coatings, laminates, veneers) applied to furniture, covering durability, scratch resistance and chemical resistance criteria",2021,Reaffirmed 2021,IS 17631; IS 2932,Yes - ISI Mark
IS 455:2015,Portland Slag Cement - Specification,Cement & Concrete,"Covers manufacture and physical/chemical requirements of Portland slag cement made by intergrinding or blending Portland cement clinker with granulated blast furnace slag, used in general construction",2015 (Fifth Revision),Reaffirmed 2020,IS 269; IS 12089; IS 4031,Yes - ISI Mark (mandatory under Cement Quality Control Order 2023)
IS 3466:1988,Masonry Cement - Specification,Cement & Concrete,"Specifies requirements for masonry cement used for preparing mortars in general purpose masonry work, brickwork and plastering",1988 (Second Revision),Reaffirmed 2005,IS 269; IS 455,Yes - ISI Mark
IS 6452:1989,High Alumina Cement for Structural Use - Specification,Cement & Concrete,Covers requirements for high alumina cement intended for structural concrete work requiring rapid strength gain and resistance to chemical attack,1989 (First Revision),Reaffirmed 2010,IS 4031; IS 269,Yes - ISI Mark
IS 6909:1990,Supersulphated Cement - Specification,Cement & Concrete,"Specifies requirements for supersulphated cement made from granulated blast furnace slag, calcium sulphate and Portland cement clinker, used where sulphate and chemical resistance is required",1990 (First Revision),Reaffirmed 2005,IS 4031; IS 455,Yes - ISI Mark
IS 8041:1990,Rapid Hardening Portland Cement - Specification,Cement & Concrete,"Covers requirements for rapid hardening Portland cement which develops higher early strength than ordinary Portland cement, used where early formwork removal is needed",1990 (Second Revision),Reaffirmed 2010,IS 269; IS 4031,Yes - ISI Mark
IS 8042:2015,White Portland Cement - Specification,Cement & Concrete,"Specifies requirements for white Portland cement used for decorative and architectural finishing work where a light, non-grey appearance is required",2015 (Third Revision),Reaffirmed 2020,IS 269; IS 4031,Yes - ISI Mark
IS 8043:1991,Hydrophobic Portland Cement - Specification,Cement & Concrete,Covers requirements for hydrophobic Portland cement treated to resist deterioration during storage under humid conditions or prolonged transport,1991 (Second Revision),Reaffirmed 2010,IS 269; IS 4031,Yes - ISI Mark
IS 8229:1986,Oil-Well Cement - Specification,Cement & Concrete,"Specifies requirements for cement used in cementing oil and gas wells, covering classes suited to different well depths and temperature conditions",1986 (First Revision),Reaffirmed 2005,IS 4031,Yes - ISI Mark
IS 12330:1988,Sulphate Resisting Portland Cement - Specification,Cement & Concrete,Covers requirements for Portland cement with restricted tricalcium aluminate content for use in structures exposed to sulphate-rich soil or groundwater,1988,Reaffirmed 2010,IS 269; IS 4031,Yes - ISI Mark
IS 12600:1989,Low Heat Portland Cement - Specification,Cement & Concrete,"Specifies requirements for Portland cement with controlled heat of hydration, used in mass concrete works such as dams to limit thermal cracking",1989,Reaffirmed 2010,IS 269; IS 4031,Yes - ISI Mark
IS 16415:2015,Composite Cement - Specification,Cement & Concrete,Covers requirements for composite cement manufactured using a combination of fly ash and granulated slag along with Portland cement clinker,2015,Reaffirmed 2020,IS 269; IS 3812; IS 12089,Yes - ISI Mark
IS 16993:2018,Microfine Ordinary Portland Cement - Specification,Cement & Concrete,"Specifies requirements for ultra-fine ground Portland cement used in grouting, soil stabilization and specialized repair applications requiring deep penetration",2018,-,IS 269; IS 4031,Yes - ISI Mark
IS 15895:2018,High Alumina Refractory Cement - Specification,Cement & Concrete,Covers requirements for high alumina cement intended for refractory concrete used in furnace linings and high-temperature applications,2018,-,IS 4031,Yes - ISI Mark
IS 3812 (Part 1):2013,"Pulverized Fuel Ash - Specification, Part 1: For Use as Pozzolana in Cement, Cement Mortar and Concrete",Cement & Concrete,"Specifies quality requirements for fly ash used as a pozzolanic material blended into cement, mortar and concrete",2013 (Second Revision),Reaffirmed 2018,IS 1489; IS 269,Not applicable - raw material standard
IS 1344:1981,Calcined Clay Pozzolana - Specification,Cement & Concrete,Covers requirements for calcined clay used as a pozzolanic material for blending with Portland cement to improve durability and reduce heat of hydration,1981 (First Revision),Reaffirmed 2005,IS 1489; IS 269,Not applicable - raw material standard
IS 4032:1985,Method of Chemical Analysis of Hydraulic Cement,Cement & Concrete,Describes standard laboratory procedures for chemical analysis of hydraulic cements to verify compliance with compositional requirements,1985 (First Revision),Reaffirmed 2005,IS 269; IS 4031,Not applicable - test method standard
IS 1786:2008,High Strength Deformed Steel Bars and Wires for Concrete Reinforcement - Specification,Steel & Metal Products,Specifies requirements for high yield strength deformed (HYSD/TMT) steel bars and wires used as reinforcement in reinforced cement concrete construction,2008 (Third Revision),Amendment 2 (2018),IS 432; IS 1608; IS 456,Yes - ISI Mark (mandatory under Steel and Steel Products QCO)
IS 432 (Part 1):1982,"Mild Steel and Medium Tensile Steel Bars and Hard-Drawn Steel Wire for Concrete Reinforcement, Part 1: Mild Steel and Medium Tensile Steel Bars",Steel & Metal Products,Covers requirements for mild steel and medium tensile steel round bars used as reinforcement in plain and reinforced concrete,1982 (Third Revision),Reaffirmed 2001,IS 1786; IS 456,Yes - ISI Mark
IS 808:2021,"Hot Rolled Steel Beam, Column, Channel and Angle Sections - Dimensions and Properties",Steel & Metal Products,"Specifies standard dimensions, tolerances and section properties for hot rolled steel beam, column, channel and angle sections used in structural fabrication",2021 (Fourth Revision),-,IS 2062; IS 226,Not applicable - dimensional standard
IS 226:1975,Structural Steel (Standard Quality) - Specification,Steel & Metal Products,Covers chemical composition and mechanical property requirements for structural steel of standard quality used in general building and bridge construction,1975 (Fifth Revision),Reaffirmed 1992,IS 2062; IS 808,Yes - ISI Mark (largely superseded in practice by IS 2062)
IS 1367 (Part 1):2002,"Technical Supply Conditions for Threaded Steel Fasteners, Part 1: General Requirements",Steel & Metal Products,"Specifies general technical supply conditions applicable to threaded fasteners such as bolts, screws, studs and nuts used in structural and mechanical assembly",2002,Reaffirmed 2018,IS 1363; IS 1364,Yes - ISI Mark
IS 733:1983,"Wrought Aluminium and Aluminium Alloy Bars, Rods and Sections for General Engineering Purposes - Specification",Steel & Metal Products,"Covers requirements for aluminium and aluminium alloy bars, rods and extruded sections used in general engineering and construction applications",1983 (Second Revision),Reaffirmed 2001,IS 736; IS 737,Yes - ISI Mark
IS 210:2009,Grey Iron Castings - Specification,Steel & Metal Products,"Specifies grades and mechanical property requirements for grey iron castings used in pipe fittings, machine parts and general engineering components",2009 (Fourth Revision),-,IS 1387,Yes - ISI Mark
IS 1030:1998,Carbon Steel Castings for General Engineering Purposes - Specification,Steel & Metal Products,Covers requirements for carbon steel castings used in general engineering applications where moderate strength and ductility are required,1998 (Third Revision),Reaffirmed 2013,IS 2062,Yes - ISI Mark
IS 3502:1996,Steel Chequered Plates - Specification,Steel & Metal Products,"Specifies dimensions, tolerances and mechanical properties of hot rolled steel chequered plates used for anti-skid flooring and platform surfaces",1996 (Second Revision),Reaffirmed 2011,IS 2062,Yes - ISI Mark
IS 1079:2017,Hot Rolled Carbon Steel Sheet and Strip - Specification,Steel & Metal Products,"Covers requirements for hot rolled low carbon steel sheet and strip used in general engineering, fabrication and construction applications",2017 (Sixth Revision),-,IS 513; IS 2062,Yes - ISI Mark
IS 513:2016,Cold Reduced Low Carbon Steel Sheet and Strip - Specification,Steel & Metal Products,"Specifies requirements for cold rolled low carbon steel sheet and strip used in automotive, appliance and general fabrication applications",2016 (Sixth Revision),-,IS 1079,Yes - ISI Mark
IS 6911:2017,"Stainless Steel Plate, Sheet and Strip - Specification",Steel & Metal Products,"Covers requirements for stainless steel flat products used in corrosion-resistant fabrication, kitchen equipment and architectural applications",2017 (Second Revision),-,IS 6603,Yes - ISI Mark
IS 6603:2001,Stainless Steel Bars and Flats - Specification,Steel & Metal Products,"Specifies requirements for stainless steel bars and flats used in engineering, fabrication and corrosion-resistant structural applications",2001 (First Revision),Reaffirmed 2016,IS 6911,Yes - ISI Mark
IS 1148:1982,Hot Rolled Rivet Bars (up to 40 mm Diameter) for Structural Purposes - Specification,Steel & Metal Products,Covers requirements for hot rolled steel rivet bars used for riveted connections in structural steelwork,1982 (Third Revision),Reaffirmed 2001,IS 1929; IS 2155,Not applicable - largely legacy standard
IS 1730:1989,"Dimensions for Steel Plates, Sheets, Strips and Flats for Structural and General Engineering Purposes",Steel & Metal Products,"Specifies standard dimensions and tolerances for steel plates, sheets, strips and flats used in structural fabrication and general engineering",1989 (Second Revision),Reaffirmed 2004,IS 2062; IS 1079,Not applicable - dimensional standard
IS 3952:2018,Burnt Clay Hollow Bricks and Blocks for Walls and Partitions - Specification,Bricks & Clay Products,"Covers requirements for hollow burnt clay bricks and blocks used in non-load-bearing wall and partition construction, offering weight and thermal insulation advantages",2018 (Second Revision),-,IS 1077; IS 3495,Yes - ISI Mark
IS 6165:1992,Dimensions for Special Shapes of Clay Bricks,Bricks & Clay Products,"Specifies standard dimensions for special-shape clay bricks such as bullnose, cant and coping bricks used for architectural and decorative brickwork",1992 (First Revision),Reaffirmed 2005,IS 1077,Not applicable - dimensional standard
IS 3590:1966,Load Bearing Lightweight Concrete Blocks - Specification,Bricks & Clay Products,"Covers requirements for load-bearing lightweight concrete blocks made using industrial waste aggregates, used in wall construction to reduce dead load",1966,Reaffirmed 1990,IS 2185; IS 6042,Yes - ISI Mark
IS 3115:1978,Lime Based Blocks - Specification,Bricks & Clay Products,Specifies requirements for precast lime-cement-cinder blocks used as a masonry alternative to burnt clay bricks,1978 (First Revision),Reaffirmed 2000,IS 6042,Yes - ISI Mark
IS 6042:1969,Code of Practice for Construction of Light Weight Concrete Block Masonry,Bricks & Clay Products,Provides guidance on construction practices for walls and partitions built using precast lightweight concrete solid blocks and lime-cement-cinder blocks,1969,Reaffirmed 1996,IS 3590; IS 3115,Not applicable - Code of Practice
IS 1200 (Part 3):1976,"Method of Measurement of Building and Civil Engineering Works, Part 3: Brickwork",Bricks & Clay Products,Specifies standard methods for measuring brickwork quantities in building and civil engineering works for estimation and billing purposes,1976 (Second Revision),Reaffirmed 2003,IS 1077,Not applicable - measurement standard
IS 11650:1991,Guide for Manufacture of Common Burnt Clay Building Bricks by Semi-Mechanized Process,Bricks & Clay Products,Provides guidance on semi-mechanized manufacturing processes for common burnt clay bricks to improve quality and consistency over manual methods,1991,Reaffirmed 2005,IS 1077,Not applicable - process guide
IS 303:1989,Plywood for General Purposes - Specification,Timber & Wood Products,"Covers requirements for plywood intended for general purpose use in furniture, packing cases and interior applications, including bond quality classification",1989 (Third Revision),Amendment 3 (2004),IS 1734; IS 710,Yes - ISI Mark
IS 2202 (Part 1):1999,"Wooden Flush Door Shutters (Solid Core Type) - Specification, Part 1: Plywood Face Panels",Timber & Wood Products,"Specifies requirements for solid-core flush door shutters faced with plywood, covering dimensions, construction and quality grading",1999 (Third Revision),Reaffirmed 2004,IS 303; IS 4020,Yes - ISI Mark
IS 3097:2006,Veneered Particle Boards - Specification,Timber & Wood Products,"Covers requirements for particle boards veneered with decorative wood veneer, used in furniture and interior panelling",2006 (Second Revision),-,IS 3087,Yes - ISI Mark
IS 707:1976,Glossary of Terms Applicable to Timber Technology and Utilization,Timber & Wood Products,"Provides standardized definitions of terms used in timber grading, seasoning, conversion and utilization across the timber industry",1976 (Second Revision),Reaffirmed 2000,-,Not applicable - terminology standard
IS 4990:2011,Plywood for Concrete Shuttering Work - Specification,Timber & Wood Products,"Specifies requirements for plywood intended for use as shuttering material in concrete formwork, including water resistance and surface finish requirements",2011 (Third Revision),-,IS 303; IS 710,Yes - ISI Mark
IS 1659:2004,Block Boards - Specification,Timber & Wood Products,"Covers requirements for block board panels made of a wood core sandwiched between veneers, used in furniture and door manufacture",2004 (Second Revision),-,IS 303,Yes - ISI Mark
IS 2074:1992,"Ready Mixed Paint, Air Drying, Red Oxide-Zinc Chrome, Priming - Specification",Paints & Coatings,Specifies requirements for red oxide-zinc chrome priming paint used as a first coat on ferrous metal surfaces to inhibit corrosion before finishing coats,1992 (Second Revision),Reaffirmed 2006,IS 101; IS 1477,Yes - ISI Mark
IS 133:1993,"Ready Mixed Paint, Brushing, Bituminous, Black, Lead-Free, Acid, Alkali, Heat and Water Resisting - Specification",Paints & Coatings,Covers requirements for bituminous black paint used for corrosion protection of metal and masonry surfaces exposed to moisture and chemical attack,1993 (Third Revision),Reaffirmed 2004,IS 101,Yes - ISI Mark
IS 337:2004,"Varnish, Finishing, Exterior - Specification",Paints & Coatings,Specifies requirements for exterior-grade finishing varnish used to protect and enhance the appearance of wood and metal surfaces exposed to weather,2004 (Second Revision),-,IS 101,Yes - ISI Mark
IS 5411 (Part 1):1974,"Plastic Emulsion Paint, Part 1: For Interior Use - Specification",Paints & Coatings,Covers requirements for water-based plastic emulsion paint used for decorative and protective finishing of interior walls and ceilings,1974,Reaffirmed 2000,IS 101,Yes - ISI Mark
IS 14182:1994,Unplasticized PVC Pipes for Use in Agricultural Applications (Irrigation) - Specification,Plastic Products,Covers requirements for unplasticized PVC pipes intended for irrigation and agricultural water conveyance systems,1994,Reaffirmed 2010,IS 4985; IS 12235,Yes - ISI Mark
IS 7834 (Part 1):1987,"Injection Moulded PVC Fittings with Solvent Cement Joints for Water Supplies, Part 1: General Requirements",Plastic Products,Specifies general requirements for injection-moulded rigid PVC pipe fittings used with solvent cement joints in water supply systems,1987,Reaffirmed 2004,IS 4985,Yes - ISI Mark
IS 12786:1989,Polypropylene Ropes - Specification,Plastic Products,"Covers requirements for ropes made from polypropylene fibre used in general purpose, marine and industrial applications",1989,Reaffirmed 2005,-,Yes - ISI Mark
IS 1729:2019,Cast Iron/Ductile Iron Fittings for Pressure Pipes - Specification,Water Supply & Pipes,Covers requirements for cast iron and ductile iron pipe fittings used with pressure pipelines in water supply and sewage systems,2019 (Third Revision),-,IS 8329; IS 1538,Yes - ISI Mark
IS 8329:2000,"Centrifugally Cast (Spun) Ductile Iron Pressure Pipes for Water, Gas and Sewage - Specification",Water Supply & Pipes,"Specifies requirements for spun ductile iron pressure pipes used in municipal water supply, gas distribution and sewage conveyance networks",2000 (First Revision),Reaffirmed 2015,IS 1729,Yes - ISI Mark
IS 3589:2001,"Electrically Welded Steel Pipes for Water, Gas and Sewage - Specification",Water Supply & Pipes,"Covers requirements for electrically welded straight-seam steel pipes used in water, gas and sewage transmission lines",2001 (Second Revision),Reaffirmed 2016,IS 1239,Yes - ISI Mark
IS 780:2000,Sluice Valves for Water Works Purposes (50 to 1200 mm Size) - Specification,Water Supply & Pipes,Specifies requirements for sluice valves used to control flow in water distribution networks and pumping systems,2000 (Third Revision),Reaffirmed 2015,IS 14846,Yes - ISI Mark
IS 14846:2000,Butterfly Valves for General Purposes - Specification,Water Supply & Pipes,"Covers requirements for butterfly valves used for flow regulation in water supply, irrigation and industrial piping systems",2000,Reaffirmed 2015,IS 780,Yes - ISI Mark
IS 1554 (Part 1):1988,"PVC Insulated (Heavy Duty) Electric Cables, Part 1: For Working Voltages up to and Including 1100 V - Specification",Electrical & Wiring,Specifies requirements for heavy-duty PVC insulated power cables used in industrial and low-voltage distribution wiring installations,1988 (Second Revision),Reaffirmed 2006,IS 694; IS 5831,Yes - ISI Mark
IS 7098 (Part 1):1988,"Cross-Linked Polyethylene Insulated PVC Sheathed Cables, Part 1: For Working Voltages up to and Including 1100 V - Specification",Electrical & Wiring,Covers requirements for XLPE insulated power cables used in industrial wiring and distribution applications requiring higher thermal performance,1988 (Second Revision),Reaffirmed 2006,IS 694,Yes - ISI Mark
IS 3854:1997,Switches for Domestic and Similar Purposes - Specification,Electrical & Wiring,Specifies requirements for AC electrical switches used in domestic and similar low-voltage wiring installations,1997 (Second Revision),Amendment 3 (2013),IS 4615; IS 694,Yes - ISI Mark
IS 5983:2013,Eye Protectors - Specification,Safety Equipment,"Specifies requirements for eye protection devices used to safeguard against impact, dust and chemical splash hazards in industrial and construction settings",2013 (Second Revision),-,IS 15298,Yes - ISI Mark
IS 4770:1991,Rubber Gloves for Electrical Purposes - Specification,Safety Equipment,Covers requirements for insulating rubber gloves used to protect workers from electric shock while handling live electrical equipment,1991 (Second Revision),Reaffirmed 2007,IS 6994,Yes - ISI Mark
IS 2386 (Part 2):1963,"Methods of Test for Aggregates for Concrete, Part 2: Estimation of Deleterious Materials and Organic Impurities",Aggregates & Sand,"Specifies test methods for estimating deleterious materials, clay lumps and organic impurities present in aggregates used for concrete",1963,Reaffirmed 2016,IS 383; IS 2386 (Part 1),Not applicable - test method standard
IS 2386 (Part 4):1963,"Methods of Test for Aggregates for Concrete, Part 4: Mechanical Properties",Aggregates & Sand,"Specifies test methods for determining mechanical properties of aggregates including crushing value, impact value and abrasion resistance",1963,Reaffirmed 2016,IS 383; IS 2386 (Part 1),Not applicable - test method standard
IS 3548:1988,Wooden Furniture - General Requirements - Specification,Furniture,"Covers general construction, finish and quality requirements applicable to wooden furniture including joinery and surface treatment",1988 (First Revision),Reaffirmed 2003,IS 303,Not applicable - general requirements standard
IS 4364:1980,Polyvinyl Acetate (PVAc) Dispersion Based Adhesives for Wood - Specification,Adhesives,Specifies requirements for PVAc-based adhesives used for bonding wood and wood-based products in furniture and joinery applications,1980 (First Revision),Reaffirmed 2000,IS 848,Yes - ISI Mark
IS 17546:2021,Chlorinated Polyvinyl Chloride (CPVC) Fittings for Potable Hot and Cold Water Distribution Supplies - Specification,Water Supply & Pipes,Covers requirements for CPVC pipe fittings used with CPVC piping systems in potable hot and cold water distribution within buildings,2021,-,IS 15778,Yes - ISI Mark
IS 3521 (Part 1):2020,"Industrial Safety Belts and Harnesses, Part 1: Full Body Harness - Specification",Safety Equipment,Specifies requirements for full body safety harnesses used to protect workers against falls while working at height in construction and industrial settings,2020 (Second Revision),-,IS 15298,Yes - ISI Mark
IS 11006:2018,Flashback Arrestors for Use with Fuel Gases and Oxygen or Compressed Air - Specification,Safety Equipment,Covers requirements for flashback arrestor devices fitted to oxy-fuel welding and cutting equipment to prevent flame travel back into gas supply lines,2018 (Second Revision),-,IS 2551,Yes - ISI Mark
IS 3696 (Part 1):1987,"Safety Code for Scaffolds and Ladders, Part 1: Scaffolds",Safety Equipment,"Provides safety requirements for the design, erection and use of scaffolding at construction sites to protect workers from fall hazards",1987,Reaffirmed 2002,IS 2750,Not applicable - Safety Code of Practice
IS 7010:1973,Portable Ladders - Specification,Safety Equipment,"Covers requirements for portable ladders including wooden, metal and reinforced-plastic types used for temporary access at height",1973,Reaffirmed 2000,IS 3696,Yes - ISI Mark
IS 2745:1983,Non-Metallic Helmets for Firemen and Civil Defence Personnel - Specification,Safety Equipment,Specifies requirements for non-metallic protective helmets worn by firefighting and civil defence personnel during emergency response operations,1983,Reaffirmed 2000,IS 2925,Yes - ISI Mark
IS 4947:2006,Gas Cartridges for Use in Fire Extinguishers - Specification,Safety Equipment,Covers requirements for gas cartridges used to pressurize stored-pressure and cartridge-operated fire extinguishers,2006 (Third Revision),-,IS 15683,Yes - ISI Mark
IS 15803:2008,Respiratory Protective Devices - Specification,Safety Equipment,"Specifies requirements for respiratory protective devices used to safeguard workers against inhalation of dust, fumes and hazardous airborne contaminants",2008,-,IS 9473,Yes - ISI Mark
IS 1852:1985,Rolling and Cutting Tolerances for Hot Rolled Steel Products - Specification,Steel & Metal Products,"Specifies permissible dimensional and mass tolerances for hot rolled steel plates, sheets, bars and sections to ensure consistency in fabrication",1985 (Fourth Revision),Reaffirmed 2004,IS 1079; IS 226,Not applicable - dimensional tolerance standard
IS 8500:1991,Structural Steel - Microalloyed (Medium and High Strength Qualities) - Specification,Steel & Metal Products,"Covers requirements for microalloyed structural steel offering higher strength-to-weight ratios than standard structural steel, used in weight-sensitive structural applications",1991 (First Revision),Reaffirmed 2009,IS 2062; IS 226,Yes - ISI Mark
IS 1977:1996,Structural Steel (Ordinary Quality) - Specification,Steel & Metal Products,Specifies requirements for structural steel of ordinary quality used in less critical applications not requiring the guaranteed properties of standard or higher-grade structural steel,1996 (Second Revision),Reaffirmed 2011,IS 226; IS 2062,Yes - ISI Mark
IS 4021:1995,"Timber Door, Window and Ventilator Frames - Specification",Timber & Wood Products,"Covers requirements for timber frames used with door, window and ventilator shutters, including permissible timber species, moisture content and joinery quality",1995 (Second Revision),Reaffirmed 2005,IS 2202; IS 1003,Yes - ISI Mark
IS 1141:1993,Seasoning of Timber - Code of Practice,Timber & Wood Products,Provides guidance on air seasoning and kiln seasoning methods to reduce moisture content in timber before use in construction and joinery,1993 (Second Revision),Reaffirmed 2003,IS 707,Not applicable - Code of Practice
IS 158:2013,"Ready Mixed Paint, Brushing, Grey Filler, for Enamels, for General Purposes - Specification",Paints & Coatings,Specifies requirements for grey filler paint used as an undercoat to prepare wood and metal surfaces before application of enamel finishing coats,2013 (Fourth Revision),-,IS 101; IS 133,Yes - ISI Mark
IS 4648:1968,Guide for Electrical Layout in Residential Buildings,Electrical & Wiring,"Provides guidance on planning electrical wiring layouts, point locations and circuit distribution for residential buildings",1968,Reaffirmed 1998,IS 732; IS 3043,Not applicable - guidance standard
IS 9537 (Part 1):1980,"Conduits for Electrical Installations, Part 1: General Requirements",Electrical & Wiring,Specifies general requirements applicable to rigid and flexible conduits used for protecting electrical wiring in building installations,1980,Reaffirmed 2000,IS 732,Yes - ISI Mark
IS 8130:2013,Conductors for Insulated Electric Cables and Flexible Cords - Specification,Electrical & Wiring,Covers requirements for stranded and solid conductors used in the manufacture of insulated electric cables and flexible cords,2013 (Second Revision),-,IS 694; IS 1554,Yes - ISI Mark
IS 2386 (Part 5):1963,"Methods of Test for Aggregates for Concrete, Part 5: Soundness",Aggregates & Sand,Specifies test methods for evaluating the soundness of aggregates against disintegration from weathering and freeze-thaw cycles,1963,Reaffirmed 2016,IS 383; IS 2386 (Part 1),Not applicable - test method standard
IS 9142:1979,Artificial Lightweight Aggregates for Concrete Masonry Units - Specification,Aggregates & Sand,Covers requirements for artificial lightweight aggregates such as sintered fly ash used in the manufacture of lightweight concrete masonry blocks,1979,Reaffirmed 2000,IS 2185,Yes - ISI Mark
IS 3312 (Part 1):1975,"General Purpose Metal Chairs, Part 1: Specification",Furniture,"Specifies requirements for general purpose chairs with metal frames used in office, institutional and household settings",1975,Reaffirmed 1998,IS 513,Yes - ISI Mark
IS 13592:1992,Unplasticized PVC Pipes for Soil and Waste Discharge System - Specification,Plastic Products,"Covers requirements for unplasticized PVC pipes used in soil, waste and vent discharge systems within buildings",1992,Reaffirmed 2010,IS 4985; IS 7834,Yes - ISI Mark
IS 6307:2023,Rigid PVC Sheets - Specification,Plastic Products,"Specifies requirements for rigid PVC sheets used in signage, cladding, partitioning and general fabrication applications",2023 (Latest Revision),-,-,Yes - ISI Mark
